athlete_full_name,COUNT(medal_type)
team,246
"marte olsbu roeiseland",4
"alexander bolshunov",4
"ailing eileen gu",3
"suzanne schulting",3
"quentin fillon maillet",3
"johannes thingnes boe",3
"johannes hoesflot klaebo",3
"iivo niskanen",3
"therese johaug",3
"miho takagi",3
"irene schouten",3
"vitalina batsarashkina",3
"lisa carrington",3
"sifan hassan",3
"katie ledecky",3
"ariarne titmus",3
"emma mckeon",3
"caeleb dressel",3
"mathilde gremaud",2
"arianna fontana",2
"steven dubois",2
"shaoang liu",2
"minjeong choi",2
"lindsey jacobellis",2
"omar visintin",2
"eliot grondin",2
"meryeta odine",2
"zoi sadowski synnott",2
"max parrot",2
"yiming su",2
"ryoyu kobayashi",2
"tarjei boe",2
"tiril eckhoff",2
"elvira oeberg",2
"johannes strolz",2
"matthias mayer",2
"michelle gisin",2
"lara gut - behrami",2
"aleksander aamodt kilde",2
"federica brignone",2
"wendy holdener",2
"maja dahlqvist",2
"jessica diggins",2
"jonna sundling",2
"natalia nepryaeva",2
"alexander terentev",2
"kerttu niskanen",2
"thomas krol",2
"francesca lollobrigida",2
"patrick roest",2
"nils van der poel",2
"isabelle weidemann",2
"joergen graabak",2
"elana meyers taylor",2
"alessandra perilli",2
"yulia karimova",2
"nina christen",2
"sergey kamenskiy",2
"haoran yang",2
"qian yang",2
"ranxin jiang",2
"wei pang",2
"zongyuan wang",2
"siyi xie",2
"tingmao shi",2
"han wang",2
"thomas daley",2
"yuan cao",2
"yuxi chen",2
"laurence vincent-lapointe",2
"liudmyla luzan",2
"hao liu",2
"emma jorgensen",2
"annemiek van vleuten",2
"mima ito",2
"jessica fox",2
"gregorio paltrinieri",2
"florian wellbrock",2
"matthew walls",2
"harrie lavreysen",2
"belinda bencic",2
"rebeca andrade",2
"nikita nagornyy",2
"daiki hashimoto",2
"ruoteng xiao",2
"angelina melnikova",2
"sunisa lee",2
"san an",2
"andre de grasse",2
"elaine thompson-herah",2
"joshua kiprui cheptegei",2
"lilly king",2
"tatjana schoenmaker",2
"arno kamminga",2
"yufei zhang",2
"hali flickinger",2
"regan smith",2
"kaylee mckeown",2
"kylie masse",2
"kristof kristof milak",2
"yui ohashi",2
"kliment kolesnikov",2
"duncan scott",2
"evgeny rylov",2
"ryan murphy",2
"siobhan bernadette haughey",2
"mykhailo romanchuk",2
"robert finke",2
"stefania constantini",1
"amos mosaner",1
"kristin skaslien",1
"magnus nedregotten",1
"almida de val",1
"oskar eriksson",1
"mikael kingsbury",1
"walter wallberg",1
"ikuma horishima",1
"nico porteous",1
"david wise",1
"alex ferreira",1
"henrik harlaut",1
"birk ruud",1
"colby stevenson",1
"sergey ridzik",1
"alex fiva",1
"ryan regez",1
"tess ledeux",1
"jaelin kauf",1
"jakara anthony",1
"anastasiia smirnova",1
"marielle thompson",1
"sandra naeslund",1
"daniela maier",1
"ilia burov",1
"guangpu qi",1
"oleksandr abramenko",1
"hanna huskova",1
"mengtao xu",1
"megan nick",1
"cassie sharpe",1
"rachel karker",1
"kelly sildaru",1
"nicholas goepper",1
"jesper tjader",1
"alexander hall",1
"kim boutin",1
"konstantin ivliev",1
"semen elistratov",1
"daeheon hwang",1
"ziwei ren",1
"wenlong li",1
"hanne desmet",1
"queralt castellet",1
"sena tomita",1
"chloe kim",1
"nick baumgartner",1
"michela moioli",1
"chloe trespeuch",1
"tim mastnak",1
"benjamin karl",1
"vic wild",1
"kokomo murase",1
"anna gasser",1
"alessandro haemmerle",1
"mark mcmorris",1
"jan scherrer",1
"ayumu hirano",1
"scotty james",1
"tess coady",1
"julia marino",1
"daniela ulbing",1
"ester ledecka",1
"gloria kotnik",1
"mons roisland",1
"marius lindvik",1
"karl geiger",1
"katharina althaus",1
"ursa bogataj",1
"nika kriznar",1
"dawid kubacki",1
"manuel fettner",1
"mark kondratiuk",1
"kamila valieva",1
"wenjing sui",1
"cong han",1
"evgenia tarasova",1
"vladimir morozov",1
"anastasia mishina",1
"aleksandr galliamov",1
"gabriella papadakis",1
"guillaume cizeron",1
"victoria sinitsina",1
"nikita katsalapov",1
"madison hubbell",1
"zachary donohue",1
"anna shcherbakova",1
"alexandra trusova",1
"kaori sakamoto",1
"shoma uno",1
"nathan chen",1
"yuma kagiyama",1
"tobias wendl",1
"tobias arlt",1
"toni eggert",1
"sascha benecken",1
"thomas steu",1
"lorenz koller",1
"wolfgang kindl",1
"johannes ludwig",1
"dominik fischnaller",1
"anna berreiter",1
"tatyana ivanova",1
"natalie geisenberger",1
"eduard latypov",1
"justine braisaz",1
"dorothea wierer",1
"martin ponsiluoma",1
"vetle sjaastad christiansen",1
"anton smolski",1
"denise herrmann",1
"anais chevalier",1
"clement noel",1
"sebastian foss-solevaag",1
"beat feuz",1
"johan clarey",1
"mirjam puchner",1
"ryan cochran-siegle",1
"corinne suter",1
"sofia goggia",1
"nadia delago",1
"james crawford",1
"mathieu faivre",1
"zan kranjec",1
"marco odermatt",1
"sara hector",1
"petra vlhova",1
"katharina liensberger",1
"jackie narracott",1
"hannah neise",1
"kimberley bos",1
"axel jungk",1
"wengang yan",1
"christopher grotheer",1
"katharina hennig",1
"victoria carl",1
"yulia stupak",1
"erik valnes",1
"joni maeki",1
"denis spitsov",1
"teresa stadlober",1
"krista parmakoski",1
"ivan yakimushkin",1
"simen hegstad krueger",1
"federico pellegrino",1
"min seok kim",1
"kjeld nuis",1
"jutta leerdam",1
"brittany bowe",1
"laurent dubreuil",1
"havard lorentzen",1
"ivanie blondin",1
"hallgeir engebraaten",1
"martina sablikova",1
"davide ghiotto",1
"jaewon chung",1
"bart swings",1
"seung hoon lee",1
"antoinette de jong",1
"ireen wãœst",1
"erin jackson",1
"angelina golikova",1
"tingyu gao",1
"min kyu cha",1
"wataru morishige",1
"vinzenz geiger",1
"lukas greiderer",1
"akito watabe",1
"jens luraas oftebro",1
"christine de bruin",1
"kaillie humphries",1
"francesco friedrich",1
"thorsten margis",1
"johannes lochner",1
"florian bauer",1
"christoph hafer",1
"matthias sommer",1
"laura nolte",1
"deborah levi",1
"mariama jamanka",1
"alexandra burghardt",1
"sylvia hoffman",1
"fatima galvez",1
"alberto fernandez",1
"gian marco berti",1
"madelynn ann bernau",1
"brian burrows",1
"yulia zykova",1
"milenko sebic",1
"changhong zhang",1
"jean quiquampoix",1
"leuris pupo",1
"yuehong li",1
"lihao sheng",1
"william shaner",1
"anastasiia galashina",1
"jiri liptak",1
"david kostelecky",1
"matthew john coward holley",1
"diana bacosi",1
"meng wei",1
"amber english",1
"zuzana stefecekova",1
"kayle browning",1
"antoaneta boneva",1
"mary carolynn tucker",1
"lucas kozeniesky",1
"jiaruixuan xiao",1
"minjung kim",1
"damir mikec",1
"javad foroughi",1
"artem chernousov",1
"olena kostevych",1
"oleh omelchuk",1
"abdullah alrashidi",1
"vincent hancock",1
"jesper hansen",1
"andrew capobianco",1
"mike hixon",1
"patrick hausding",1
"lars rudiger",1
"jennifer abel",1
"melissa citrini beaulieu",1
"lena hentschel",1
"tina punzel",1
"matty lee",1
"aisen chen",1
"aleksandr bondar",1
"viktor minibaev",1
"jack laugher",1
"jiaqi zhang",1
"jessica parratto",1
"delaney schnell",1
"gabriela belem agundez garcia",1
"alejandra orozco",1
"melissa wu",1
"hongchan quan",1
"jian yang",1
"krysta palmer",1
"nevin harrison",1
"serguey torres",1
"fernando dayan jorge",1
"pengfei zheng",1
"sebastian brendel",1
"tim hecker",1
"jean van der westhuyzen",1
"thomas green",1
"max hoff",1
"jacob schopf",1
"josef dostal",1
"radek slouf",1
"teresa portela",1
"shixiao xu",1
"mengya sun",1
"anastasiia chetverikova",1
"katie vincent",1
"tamara csipes",1
"serghei tarnovschi",1
"isaquias queiroz dos santos",1
"adam varga",1
"balint kopasz",1
"fernando pimenta",1
"caitlin ryan",1
"karolina naja",1
"anna pulawska",1
"danuta kozak",1
"dora bodonyi",1
"liam heath",1
"sandor totka",1
"manfredi rizza",1
"anna kiesenhofer",1
"elisa longo borghini",1
"anna van der breggen",1
"marlen reusser",1
"primoz roglic",1
"rohan dennis",1
"tom dumoulin",1
"richard carapaz",1
"tadej pogacar",1
"wout van aert",1
"pat mccormack",1
"aidan walsh",1
"andrei zamkovoi",1
"roniel iglesias",1
"hebert sousa",1
"gleb bakshi",1
"oleksandr khyzhniak",1
"eumir marcial",1
"kamshybek kunkabayev",1
"bakhodir jalolov",1
"richard torrez jr",1
"frazer clarke",1
"benjamin whittaker",1
"loren berto alfonso dominguez",1
"arlen lopez",1
"imam khataev",1
"duke ragan",1
"samuel takyi",1
"albert batyrgaziev",1
"lazaro alvarez estrada",1
"abner teixeira",1
"muslim gadzhimagomedov",1
"david nyika",1
"julio la cruz peraza",1
"zenfira magomedalieva",1
"lauren price",1
"nouchka fontijn",1
"qian li",1
"kellie anne harrington",1
"beatriz ferreira",1
"mira potkonen",1
"sudaporn seesondee",1
"hong gu",1
"busenaz surmeneli",1
"oshae jones",1
"lovlina borgohain",1
"hsiao-wen huang",1
"stoyka zhelyazkova krasteva",1
"buse naz cakiroglu",1
"tsukimi namiki",1
"carlo paalam",1
"ryomei tanaka",1
"saken bibossinov",1
"galal yafai",1
"irma testa",1
"sena irie",1
"nesthy petecio",1
"karriss artingstall",1
"keyshawn davis",1
"harrison garside",1
"hovhannes bachkov",1
"andy cruz",1
"svetlana kolesnichenko",1
"svetlana romashina",1
"xuechen huang",1
"wenyan sun",1
"marta fiedina",1
"anastasiya savchuk",1
"niek kimmann",1
"kye whyte",1
"carlos alberto ramirez yepes",1
"bethany shriever",1
"mariana pajã“n",1
"merel smulders",1
"georgia taylor-brown",1
"flora duffy",1
"katie zaferes",1
"alex yee",1
"hayden wilde",1
"kristian blummenfelt",1
"bianca buitendag",1
"carissa moore",1
"amuro tsuzuki",1
"italo ferreira",1
"owen wright",1
"kanoa igarashi",1
"zhendong fan",1
"dimitrij ovtcharov",1
"long ma",1
"jun mizutani",1
"xin xu",1
"shiwen liu",1
"yun ju lin",1
"i-ching cheng",1
"yingsha sun",1
"meng chen",1
"hannes aigner",1
"jiri prskavec",1
"jakub grigar",1
"andrea herzog",1
"mallory franklin",1
"ricarda funk",1
"maialen chourraut",1
"sideris tasiadis",1
"lukas rohan",1
"benjamin savsek",1
"sharon van rouwendaal",1
"ana marcela cunha",1
"kareena lee",1
"kristof rasovszky",1
"dong dong",1
"ivan litvinovich",1
"dylan schmidt",1
"bryony page",1
"xueying zhu",1
"lingling liu",1
"ulugbek rashitov",1
"bradly sinden",1
"hakan recber",1
"shuai zhao",1
"seif eissa",1
"maksim khramtcov",1
"saleh elsharabaty",1
"toni kanaet",1
"kyo don in",1
"vladislav larin",1
"dejan georgievski",1
"rafael castillo",1
"milica mandic",1
"dabin lee",1
"althea laurin",1
"bianca walkden",1
"matea jelic",1
"lauren williams",1
"hedaya wahba",1
"ruth marie christelle gbagbi",1
"chia-ling lo",1
"anastasija zolotic",1
"tatiana kudashova",1
"hatice kubra ilgun",1
"jun jang",1
"mohamed khalil jendoubi",1
"mikhail artamonov",1
"vito dell'aquila",1
"adriana cerezo iglesias",1
"panipak wongpattanakit",1
"tijana bogdanovic",1
"abishag semberg",1
"shanju bao",1
"tianshi zhong",1
"lea sophie friedrich",1
"emma hinze",1
"daria shmeleva",1
"anastasiia voinova",1
"lasse norman hansen",1
"michael morkov",1
"ethan hayter",1
"benjamin thomas",1
"donavan grondin",1
"jeffrey hoogland",1
"jack carlin",1
"azizulhasni awang",1
"jason kenny",1
"ellesse andrews",1
"shanne braspennincx",1
"lauriane genest",1
"olena starikova",1
"wai sze lee",1
"kelsey mitchell",1
"katie archibald",1
"laura kenny",1
"amalie dideriksen",1
"julie leth",1
"gulnaz badykova",1
"mariia novolodskaia",1
"elia viviani",1
"campbell stewart",1
"kirsten wild",1
"yumi kajihara",1
"jennifer valente",1
"larisa korobeynikova",1
"inna deriglazova",1
"lee kiefer",1
"katrina lehis",1
"ana maria popescu",1
"yiwen sun",1
"daniele garozzo",1
"ka long cheung",1
"alexander choupenitch",1
"aron szilagyi",1
"luigi samele",1
"junghwan kim",1
"romain cannone",1
"igor reizlin",1
"gergely siklosi",1
"manon brunet",1
"sofiya velikaya",1
"sofia pozdniakova",1
"yang lee",1
"chi-lin wang",1
"jun hui li",1
"yu chen liu",1
"aaron chia",1
"wooi yik soh",1
"greysia polii",1
"apriyani rahayu",1
"qing chen chen",1
"yi fan jia",1
"soyeong kim",1
"heeyong kong",1
"yi lyu wang",1
"dong ping huang",1
"si wei zheng",1
"ya qiong huang",1
"yuta watanabe",1
"arisa higashino",1
"viktor axelsen",1
"long chen",1
"anthony sinisuka ginting",1
"tzu ying tai",1
"yu fei chen",1
"pusarla venkata sindhu",1
"nathaniel coleman",1
"jakob schubert",1
"alberto gines lopez",1
"akiyo noguchi",1
"miho nonaka",1
"janja garnbert",1
"ravi kumar dahiya",1
"zavur uguev",1
"thomas patrick gilman",1
"nurislam sanayev",1
"vanesa kaladzinskaya",1
"bolortuya bat ochir",1
"qianyu pang",1
"mayu mukaida",1
"artur aleksanyan",1
"musa evloev",1
"tadeusz michalik",1
"mohammadhadi saravi",1
"mahamedkhabib kadzimahamedau",1
"kyle douglas dake",1
"zaurbek sidakov",1
"bekzod abdurakhmonov",1
"gadzhimurad rashidov",1
"haji aliyev",1
"takuto otoguro",1
"bajrang bajrang",1
"myles nazem amine",1
"david morris taylor iii",1
"artur naifonov",1
"hassan aliazam yazdanicharati",1
"rafig huseynov",1
"akzhol makhmudov",1
"tamas lorincz",1
"shohei yabiku",1
"blessing oborududu",1
"meerim zhumanazarova",1
"alla cherkasova",1
"tamyra mariama mensah stock",1
"sarah ann hildebrandt",1
"yui susaki",1
"yanan sun",1
"mariya stadnik",1
"mohammadreza geraei",1
"parviz nasibov",1
"frank staebler",1
"mohamed ibrahim elsayed elsayed",1
"aline focken",1
"adeline maria gray",1
"yasemin adar",1
"qian zhou",1
"iakobi kajaia",1
"riza kayaalp",1
"sergey semenov",1
"mijain lopez nunez",1
"zhan beleniuk",1
"viktor lorincz",1
"denis maksymilian kudla",1
"zurabi datunashvili",1
"kenichiro fumita",1
"sailike walihan",1
"sergey emelin",1
"luis alberto orta sanchez",1
"risako kawai",1
"iryna kurachkina",1
"helen louise maroulis",1
"evelina georgieva nikolova",1
"geno petriashvili",1
"taha akgul",1
"amir hossein zare",1
"gable dan steveson",1
"taybe mustafa yusein",1
"aisuluu tynybekova",1
"iryna koliadenko",1
"yukako kawai",1
"reineris salas perez",1
"kyle frederick snyder",1
"abdulrashid sadulaev",1
"abraham de jesus conyedo ruano",1
"anastasia pavlyuchenkova",1
"andrey rublev",1
"elena vesnina",1
"aslan karatsev",1
"ashleigh barty",1
"john peers",1
"alexander zverev",1
"karen khachanov",1
"pablo carreno busta",1
"nikola mektic",1
"mate pavic",1
"marin cilic",1
"ivan dodig",1
"marcus daniell",1
"michael venus",1
"marketa vondrousova",1
"elina svitolina",1
"barbora krejcikova",1
"katerina siniakova",1
"viktorija golubic",1
"laura pigossi",1
"luisa veras stefani",1
"mykayla skinner",1
"seojeong yeo",1
"simone biles",1
"chenchen guan",1
"xijing tang",1
"tin srbic",1
"kazuma kaya",1
"max whitlock",1
"chih kai lee",1
"denis ablyazin",1
"artur davtyan",1
"jeahwan shin",1
"jade carey",1
"vanessa ferrari",1
"mai murakami",1
"nina derwael",1
"anastasiia iliankova",1
"ferhat arican",1
"jingyuan zou",1
"lukas dauser",1
"rayderley miguel zapata",1
"artem dolgopyat",1
"yang liu",1
"eleftherios petrounias",1
"hao you",1
"mone inami",1
"lydia ko",1
"nelly korda",1
"rory sabbatini",1
"c.t. pan",1
"xander schauffele",1
"nikita ducarroz",1
"charlotte worthington",1
"hannah roberts",1
"logan martin",1
"daniel dhers",1
"declan brooks",1
"nora gjakova",1
"sarah leonie cysique",1
"tsukasa yoshida",1
"jessica klimkait",1
"romane dicko",1
"iryna kindzerska",1
"akira sone",1
"idalys ortiz",1
"madina taimazova",1
"chizuru arai",1
"sanne van dijke",1
"michaela polleres",1
"shori hamada",1
"madeleine malonga",1
"mayra aguiar",1
"anna-maria wagner",1
"takanori nagase",1
"shamil borchashvili",1
"saeid mollaei",1
"matthias casse",1
"vazha margvelashvili",1
"baul an",1
"daniel cargnin",1
"hifumi abe",1
"tsogtbaatar tsend-ochir",1
"lasha shavdatuashvili",1
"shohei ono",1
"changrim an",1
"distria krasniqi",1
"daria bilodid",1
"funa tonaki",1
"urantsetseg munkhbat",1
"tamerlan bashaev",1
"teddy riner",1
"lukas krpalek",1
"guram tushishvili",1
"krisztian toth",1
"lasha bekauri",1
"davlat bobonov",1
"eduard trippel",1
"aaron wolf",1
"jorge fonseca",1
"guham cho",1
"niiaz iliasov",1
"naohisa takato",1
"yeldos smetov",1
"luka mkheidze",1
"yung wei yang",1
"tina trstenjak",1
"maria centracchio",1
"clarisse agbegnenou",1
"catherine beauchemin-pinard",1
"uta abe",1
"chelsie giles",1
"odette giuffrida",1
"amandine buchard",1
"momiji nishiya",1
"rayssa leal",1
"funa nakayama",1
"pedro barros",1
"keegan palmer",1
"cory juneau",1
"sky brown",1
"kokona hiraki",1
"sakura yosozumi",1
"yuto horigome",1
"jagger eaton",1
"kelvin hoefler",1
"elena osipova",1
"lucilla boari",1
"takaharu furukawa",1
"mete gazoz",1
"mauro nespoli",1
"je deok kim",1
"gabriela bayardo",1
"steve wijler",1
"alejandra valencia",1
"luis alvarez",1
"eko yuli irawan",1
"fabin li",1
"igor son",1
"qiuyun liao",1
"zulfiya chinshanlo",1
"hidilyn diaz",1
"mirko zanni",1
"luis javier mosquera lozano",1
"lijun chen",1
"xiaojun lyu",1
"zacarias bonnat michel",1
"antonino pizzolato",1
"sarah robles",1
"emily jade campbell",1
"wenwen li",1
"tamara yajaira salazar arce",1
"cismery dominga santana peguero",1
"zhouyu wang",1
"man asaad",1
"lasha talakhadze",1
"ali davoudi",1
"polina guryeva",1
"mikiko andoh",1
"hsing-chun kuo",1
"maude g charron",1
"giorgia bordignon",1
"wen-huei chen",1
"zhiyong shi",1
"julio ruben mayora pernia",1
"rahmat erwin abdullah",1
"chanu saikhom mirabai chanu",1
"windy cantika aisah",1
"zhihui hou",1
"keydomar giovanni vallenilla sanchez",1
"fares ibrahim e. h. elbakh",1
"anton pliesnoi",1
"aremi fuentes zavala",1
"neisi patricia dajomes barrera",1
"katherine elizabeth nye",1
"simon martirosyan",1
"arturs plesnieks",1
"akbar djuraev",1
"julia krajewski",1
"tom mcewen",1
"andrew hoy",1
"isabell werth",1
"charlotte dujardin",1
"jessica von bredow-werndl",1
"maikel van der vleuten",1
"ben maher",1
"peder fredricson",1
"woongtae jun",1
"ahmed elgendy",1
"joseph choong",1
"sarolta kovacs",1
"kate french",1
"laura asadauskaite",1
"faith chepngetich kipyegon",1
"laura muir",1
"fabrice zango hugues",1
"yaming zhu",1
"pedro p. pichardo",1
"peruth chemutai",1
"courtney frerichs",1
"hyvin kiyeng",1
"ryan crouser",1
"tomas walsh",1
"joe kovacs",1
"brittney reese",1
"ese brume",1
"malaika mihambo",1
"gudaf tsegay",1
"hellen onsando obiri",1
"eliud kipchoge",1
"bashir abdi",1
"abdi nageeye",1
"kelsey-lee roberts",1
"shiying liu",1
"maria andrejczyk",1
"ronald levy",1
"hansle parchment",1
"grant holloway",1
"miltiadis tentoglou",1
"maykel masso",1
"juan miguel echevarria",1
"neeraj chopra",1
"vitezslav vesely",1
"jakub vadlejch",1
"jonathan hilbert",1
"evan dunfee",1
"dawid tomala",1
"noah lyles",1
"kenneth bednarek",1
"allyson felix",1
"marileidy paulino",1
"shaunae miller-uibo",1
"shericka jackson",1
"shelly-ann fraser-pryce",1
"peres jepchirchir",1
"molly seidel",1
"brigid kosgei",1
"ana peleteiro",1
"patricia mamona",1
"yulimar rojas",1
"ferguson cheruiyot rotich",1
"patryk dobek",1
"emmanuel kipkurui korir",1
"valerie adams",1
"lijiao gong",1
"raven saunders",1
"sandra arenas",1
"hong liu",1
"antonella palmisano",1
"katie nageotte",1
"anzhelika sidorova",1
"holly bradshaw",1
"zheng wang",1
"anita wlodarczyk",1
"malwina kopron",1
"jasmine camacho-quinn",1
"megan tapper",1
"kendra harrison",1
"maksim nedasekau",1
"gianmarco tamberi",1
"mutaz essa barshim",1
"valarie allman",1
"kristin pudenz",1
"yaime perez",1
"kalkidan gezahegne",1
"letesenbet gidey",1
"wojciech nowicki",1
"eivind henriksen",1
"pawel fajdek",1
"benjamin kigen",1
"lamecha girma",1
"soufiane elbakkali",1
"athing mu",1
"raevyn rogers",1
"keely hodgkinson",1
"damian warner",1
"kevin mayer",1
"ashley moloney",1
"lamont marcell jacobs",1
"fred kerley",1
"thiago braz",1
"christopher nilsen",1
"armand duplantis",1
"femke bol",1
"sydney mclaughlin",1
"dalilah muhammad",1
"selemon barega",1
"jacob kiplimo",1
"karsten warholm",1
"alison dos santos",1
"rai benjamin",1
"daniel stahl",1
"lukas weisshaidinger",1
"simon pettersson",1
"christine mboma",1
"gabrielle thomas",1
"yaroslava mahuchikh",1
"mariya lasitskene",1
"nicola mcdermott",1
"koki ikeda",1
"toshikazu yamanishi",1
"massimo stano",1
"kirani james",1
"anthony zambrano",1
"steven gardiner",1
"emma oosterwegel",1
"nafissatou thiam",1
"anouk vetter",1
"timothy cheruiyot",1
"jakob ingebrigtsen",1
"josh kerr",1
"mohammed ahmed",1
"paul kipkemoi chelimo",1
"brendon smith",1
"jay litherland",1
"chase kalisz",1
"simona quadarella",1
"lydia jacoby",1
"izaac stubblety-cook",1
